"page_ID","pageName","Description","admin_ID"
"02-5754483","Turner Inc","In quis justo. ","721-79-3001"
"02-7497635","Franecki-Larkin","Aenean lectus.","668-92-9213"
"07-4350989","Lynch and Sons","Duis aliquam convallis nunc.","155-02-6633"
"22-8914754","Champlin-Romaguera","In hac habitasse platea dictumst.","155-02-6633"
"25-4008710","Sporer, Feest and O'Conner","Sed ante. Vivamus tortor.","538-65-7880"
"31-8900670","Kub, O'Conner and Mueller","Proin eu mi.",NA
"33-0251457","Ziemann-Boehm","Fusce posuere.",NA
"40-4329271","Schultz-Kutch","Nulla ut erat id mauris.","698-08-6716"
"79-3267892","Parisian, Stiedemann and McLaughlin","Mauris enim leo.","771-36-7505"
"90-0035153","Reichert and Sons","Proin leo odio","744-15-3877"
"91-4399439","Wyman, Dietrich and Wilkinson","Lorem ipsum dolor sit amet.",NA
"91-7808757","Wuckert, Gleichner and Aufderhar","Duis consequat dui nec.","538-65-7880"
"92-5527298","Mayer LLC","Donec diam neque, vestibulum eget.","538-65-7880"
"98-4208928","Sipes, Halvorson and Beer","Quisque.","721-79-3001"
"99-6905221","Herzog and Sons","Mauris enim leo, .","889-18-6919"
